Protein,Ligand,Pose,A35SG-S1
GPX_Bacillus-subtilis,GSH,1,8.795907735196465
GPX_Bacillus-subtilis,GSH,2,10.377361444250703
GPX_Bacillus-subtilis,GSH,3,8.60251010393978
GPX_Bacillus-subtilis,GSH,4,9.03033451890327
GPX_Bacillus-subtilis,GSH,5,7.567246666905472
GPX_Bacillus-subtilis,GSH,6,10.43667708909421
GPX_Bacillus-subtilis,GSH,7,8.659482352913365
GPX_Bacillus-subtilis,GSH,8,9.818484001290678
GPX_Bacillus-subtilis,GSH,9,8.621171149578752
GPX_Bacillus-subtilis,GSH,10,8.085988247638072
GPX_Bacillus-subtilis,GSH,11,9.78412401978537
GPX_Bacillus-subtilis,GSH,12,9.525959341407457
GPX_Bacillus-subtilis,GSH,13,10.456975804271567
GPX_Bacillus-subtilis,GSH,14,8.43191043216951
GPX_Bacillus-subtilis,GSH,15,8.453827985769465
GPX_Bacillus-subtilis,GSH,16,9.826965705447282
GPX_Bacillus-subtilis,GSH,17,10.914185447206494
GPX_Bacillus-subtilis,GSH,18,7.572418519502275
GPX_Bacillus-subtilis,GSH,19,11.075190935497725
GPX_Bacillus-subtilis,GSH,20,9.834965703907107
GPX_Bacillus-subtilis,GSH,21,7.337216227083813
GPX_Bacillus-subtilis,GSH,22,8.777999116113138
GPX_Bacillus-subtilis,GSH,23,9.017949015233564
GPX_Bacillus-subtilis,GSH,24,9.388987952172323
GPX_Bacillus-subtilis,GSH,25,9.51008855792463
GPX_Bacillus-subtilis,GSH,26,9.60881786117335
GPX_Bacillus-subtilis,GSH,27,9.274698436732214
GPX_Bacillus-subtilis,GSH,28,9.31469716103449
GPX_Bacillus-subtilis,GSH,29,7.575036437536455
GPX_Bacillus-subtilis,GSH,30,7.384458851368664
GPX_Bacillus-subtilis,GSH,31,7.512619976427797
GPX_Bacillus-subtilis,GSH,32,9.49791758318359
GPX_Bacillus-subtilis,GSH,33,8.108822041773822
GPX_Bacillus-subtilis,GSH,34,9.020917388783305
GPX_Bacillus-subtilis,GSH,35,11.062868357061381
GPX_Bacillus-subtilis,GSH,36,9.13573951919389
GPX_Bacillus-subtilis,GSH,37,9.590193296967689
GPX_Bacillus-subtilis,GSH,38,10.480761689859998
GPX_Bacillus-subtilis,GSH,39,9.645582804269372
GPX_Bacillus-subtilis,GSH,40,7.575480766599965
GPX_Bacillus-subtilis,GSH,41,9.20308429372534
GPX_Bacillus-subtilis,GSH,42,8.010426458233605
GPX_Bacillus-subtilis,GSH,43,7.744734358067939
GPX_Bacillus-subtilis,GSH,44,11.61241417106736
GPX_Bacillus-subtilis,GSH,45,7.996158492345996
GPX_Bacillus-subtilis,GSH,46,8.915827678544993
GPX_Bacillus-subtilis,GSH,47,7.8886649368404544
GPX_Bacillus-subtilis,GSH,48,10.113896492167248
GPX_Bacillus-subtilis,GSH,49,9.128031092148898
GPX_Bacillus-subtilis,GSH,50,8.789471329034868
GPX_Bacillus-subtilis,GSH,51,9.254087482428561
GPX_Bacillus-subtilis,GSH,52,8.361155821092082
GPX_Bacillus-subtilis,GSH,53,10.117557227400347
GPX_Bacillus-subtilis,GSH,54,8.764828811190839
GPX_Bacillus-subtilis,GSH,55,6.922029575431181
GPX_Bacillus-subtilis,GSH,56,11.497947487969363
GPX_Bacillus-subtilis,GSH,57,8.561820048279746
GPX_Bacillus-subtilis,GSH,58,9.507873462589467
GPX_Bacillus-subtilis,GSH,59,7.930819836824501
GPX_Bacillus-subtilis,GSH,60,9.329390457004468
GPX_Bacillus-subtilis,GSH,61,9.173069695409547
GPX_Bacillus-subtilis,GSH,62,9.83977134207833
GPX_Bacillus-subtilis,GSH,63,7.576580753716085
GPX_Bacillus-subtilis,GSH,64,9.222898949713423
GPX_Bacillus-subtilis,GSH,65,9.112276615181413
GPX_Bacillus-subtilis,GSH,66,7.849500500984823
GPX_Bacillus-subtilis,GSH,67,9.46706112235006
GPX_Bacillus-subtilis,GSH,68,9.191176556566901
GPX_Bacillus-subtilis,GSH,69,9.332335557009296
GPX_Bacillus-subtilis,GSH,70,10.427847061420541
GPX_Bacillus-subtilis,GSH,71,9.959451240902682
GPX_Bacillus-subtilis,GSH,72,7.298065351999529
GPX_Bacillus-subtilis,GSH,73,10.480261122493944
GPX_Bacillus-subtilis,GSH,74,11.089408011174536
GPX_Bacillus-subtilis,GSH,75,5.874285054508335
GPX_Bacillus-subtilis,GSH,76,11.105677415884815
GPX_Bacillus-subtilis,GSH,77,9.148403773517705
GPX_Bacillus-subtilis,GSH,78,9.050224251005993
GPX_Bacillus-subtilis,GSH,79,9.459581237015305
GPX_Bacillus-subtilis,GSH,80,9.043253102997229
GPX_Bacillus-subtilis,GSH,81,9.638502367841644
GPX_Bacillus-subtilis,GSH,82,8.36650578737689
GPX_Bacillus-subtilis,GSH,83,10.149544235501711
GPX_Bacillus-subtilis,GSH,84,8.894354833972725
GPX_Bacillus-subtilis,GSH,85,9.291889859868661
GPX_Bacillus-subtilis,GSH,86,9.777184788139426
GPX_Bacillus-subtilis,GSH,87,10.579657629920213
GPX_Bacillus-subtilis,GSH,88,8.79333444151455
GPX_Bacillus-subtilis,GSH,89,6.775355264519861
GPX_Bacillus-subtilis,GSH,90,10.332295576991447
GPX_Bacillus-subtilis,GSH,91,9.391919198596899
GPX_Bacillus-subtilis,GSH,92,10.548813155709745
GPX_Bacillus-subtilis,GSH,93,9.650824008071849
GPX_Bacillus-subtilis,GSH,94,6.995049800288558
GPX_Bacillus-subtilis,GSH,95,10.723098604244438
GPX_Bacillus-subtilis,GSH,96,8.530942796200371
GPX_Bacillus-subtilis,GSH,97,8.810895506471802
GPX_Bacillus-subtilis,GSH,98,9.392872382886345
GPX_Bacillus-subtilis,GSH,99,8.033066317661955
