Protein,Ligand,Pose,A43SG-S1
GPX_Gossypium-hirsutum,GSH,1,7.963991147899964
GPX_Gossypium-hirsutum,GSH,2,9.01204216517932
GPX_Gossypium-hirsutum,GSH,3,8.516979522667471
GPX_Gossypium-hirsutum,GSH,4,8.902618466055591
GPX_Gossypium-hirsutum,GSH,5,7.403518557453138
GPX_Gossypium-hirsutum,GSH,6,7.373271063123138
GPX_Gossypium-hirsutum,GSH,7,9.740927645172762
GPX_Gossypium-hirsutum,GSH,8,9.957512844584537
GPX_Gossypium-hirsutum,GSH,9,7.370849928706051
GPX_Gossypium-hirsutum,GSH,10,8.477772934241516
GPX_Gossypium-hirsutum,GSH,11,8.385532447147945
GPX_Gossypium-hirsutum,GSH,12,8.775193440396173
GPX_Gossypium-hirsutum,GSH,13,8.376221065850043
GPX_Gossypium-hirsutum,GSH,14,8.760228015147838
GPX_Gossypium-hirsutum,GSH,15,8.94623933196044
GPX_Gossypium-hirsutum,GSH,16,10.473628400972704
GPX_Gossypium-hirsutum,GSH,17,9.939063384231384
GPX_Gossypium-hirsutum,GSH,18,7.6528822811270905
GPX_Gossypium-hirsutum,GSH,19,9.233357405103574
GPX_Gossypium-hirsutum,GSH,20,9.146128227410822
GPX_Gossypium-hirsutum,GSH,21,8.452722235462373
GPX_Gossypium-hirsutum,GSH,22,7.500272889976804
GPX_Gossypium-hirsutum,GSH,23,9.298027941112998
GPX_Gossypium-hirsutum,GSH,24,10.306263043914125
GPX_Gossypium-hirsutum,GSH,25,8.932343177669676
GPX_Gossypium-hirsutum,GSH,26,9.26989355303641
GPX_Gossypium-hirsutum,GSH,27,9.674969399304425
GPX_Gossypium-hirsutum,GSH,28,9.15650915470683
GPX_Gossypium-hirsutum,GSH,29,9.602846604861343
GPX_Gossypium-hirsutum,GSH,30,9.572328008141383
GPX_Gossypium-hirsutum,GSH,31,10.427453422257374
GPX_Gossypium-hirsutum,GSH,32,9.079558404883468
GPX_Gossypium-hirsutum,GSH,33,9.32851748089722
GPX_Gossypium-hirsutum,GSH,34,9.942131462269698
GPX_Gossypium-hirsutum,GSH,35,8.449483382428834
GPX_Gossypium-hirsutum,GSH,36,9.132814066437408
GPX_Gossypium-hirsutum,GSH,37,9.703025607471776
GPX_Gossypium-hirsutum,GSH,38,9.426183307074503
GPX_Gossypium-hirsutum,GSH,39,8.864844441504262
GPX_Gossypium-hirsutum,GSH,40,9.373466603267438
GPX_Gossypium-hirsutum,GSH,41,9.807347656941351
GPX_Gossypium-hirsutum,GSH,42,10.274459298635671
GPX_Gossypium-hirsutum,GSH,43,11.662077628075624
GPX_Gossypium-hirsutum,GSH,44,7.562814404633371
GPX_Gossypium-hirsutum,GSH,45,11.26502479523796
GPX_Gossypium-hirsutum,GSH,46,8.669199766090351
GPX_Gossypium-hirsutum,GSH,47,9.901289968959905
GPX_Gossypium-hirsutum,GSH,48,10.771222374743964
GPX_Gossypium-hirsutum,GSH,49,9.363016401198816
GPX_Gossypium-hirsutum,GSH,50,9.372161887260217
GPX_Gossypium-hirsutum,GSH,51,9.711663543085395
GPX_Gossypium-hirsutum,GSH,52,10.903983276404317
GPX_Gossypium-hirsutum,GSH,53,8.425501759679657
GPX_Gossypium-hirsutum,GSH,54,9.317994167218446
GPX_Gossypium-hirsutum,GSH,55,10.665323866431155
GPX_Gossypium-hirsutum,GSH,56,10.906552332510946
GPX_Gossypium-hirsutum,GSH,57,8.904427672163157
GPX_Gossypium-hirsutum,GSH,58,10.74364150857841
GPX_Gossypium-hirsutum,GSH,59,12.007764168727581
GPX_Gossypium-hirsutum,GSH,60,9.052632849389509
GPX_Gossypium-hirsutum,GSH,61,11.4171396281034
GPX_Gossypium-hirsutum,GSH,62,11.182246290125297
GPX_Gossypium-hirsutum,GSH,63,10.180326732629998
GPX_Gossypium-hirsutum,GSH,64,11.117058225550542
GPX_Gossypium-hirsutum,GSH,65,9.091109908526297
GPX_Gossypium-hirsutum,GSH,66,11.833820161614506
GPX_Gossypium-hirsutum,GSH,67,10.876555708277046
GPX_Gossypium-hirsutum,GSH,68,10.198722943723737
GPX_Gossypium-hirsutum,GSH,69,11.761741033569901
GPX_Gossypium-hirsutum,GSH,70,12.279838975070396
GPX_Gossypium-hirsutum,GSH,71,12.488965505566785
GPX_Gossypium-hirsutum,GSH,72,10.244060600928618
GPX_Gossypium-hirsutum,GSH,73,9.117758737000722
GPX_Gossypium-hirsutum,GSH,74,11.741157951068285
GPX_Gossypium-hirsutum,GSH,75,10.820055502066937
GPX_Gossypium-hirsutum,GSH,76,8.605480270365275
GPX_Gossypium-hirsutum,GSH,77,11.548653003095598
GPX_Gossypium-hirsutum,GSH,78,10.23513447332071
GPX_Gossypium-hirsutum,GSH,79,9.600152468195597
GPX_Gossypium-hirsutum,GSH,80,10.766799447967859
GPX_Gossypium-hirsutum,GSH,81,11.741633182499742
GPX_Gossypium-hirsutum,GSH,82,10.745171551464871
GPX_Gossypium-hirsutum,GSH,83,9.61104011040621
GPX_Gossypium-hirsutum,GSH,84,9.54084151734851
GPX_Gossypium-hirsutum,GSH,85,9.844675191107576
GPX_Gossypium-hirsutum,GSH,86,8.417151016265182
GPX_Gossypium-hirsutum,GSH,87,8.87758822716964
GPX_Gossypium-hirsutum,GSH,88,7.872190862997416
GPX_Gossypium-hirsutum,GSH,89,10.146046577407084
GPX_Gossypium-hirsutum,GSH,90,8.747076165270828
