6WZN_A	6WZN_A
7TL0_I	7TL0_I
7TL0_I	1A7P_L
7TL0_I	1A7Q_L
7TL0_I	1A7R_L
7TL0_I	5KEN_O
7TL0_I	7BUA_I
7TL0_I	1AR2_A
7TL0_I	1BRE_F
7TL0_I	5UOE_L
7TL0_I	1BWW_B
7TL0_I	3CDC_B
7TL0_I	3J8W_L
7TL0_I	1DVF_C
7TL0_I	1FGV_L
7TL0_I	1FVC_C
7TL0_I	7UPK_G
7TL0_I	1G7L_A
7TL0_I	1G7J_A
7TL0_I	1G7M_A
7TL0_I	1G7I_A
7TL0_I	1KIR_A
7TL0_I	1IGM_L
7TL0_I	1IVL_B
7TL0_I	1J1O_L
7TL0_I	1J1P_L
7TL0_I	1J1X_L
7TL0_I	1UA6_L
7TL0_I	2EIZ_A
7TL0_I	3A67_L
7TL0_I	3A6B_L
7TL0_I	3A6C_L
7TL0_I	7Q0A_Z
7TL0_I	1JV5_A
7TL0_I	6H3U_L
7TL0_I	1NMB_L
7TL0_I	1NMC_C
7TL0_I	5XQY_F
7TL0_I	7PO5_D
7TL0_I	7X2W_L
7TL0_I	7X4M_L
7TL0_I	1QFW_M
7TL0_I	7PNQ_F
7TL0_I	1REI_B
7TL0_I	1WTL_B
7TL0_I	1XIW_G
7TL0_I	1I8K_A
7TL0_I	6S2I_B
7TL0_I	6Z3P_L
7TL0_I	2D7T_L
7TL0_I	2DQI_L
7TL0_I	2KQM_A
7TL0_I	2KQN_B
7TL0_I	4NYL_B
7TL0_I	2Q1E_D
7TL0_I	2Q20_A
7TL0_I	2YC1_E
7TL0_I	3DVF_A
7TL0_I	3IY0_L
7TL0_I	3IY6_A
7TL0_I	3IY1_A
7TL0_I	3IY2_A
7TL0_I	3U79_C
7TL0_I	3UPA_B
7TL0_I	6H3U_M
7TL0_I	7LUC_K
7TL0_I	7URD_L
7TL0_I	4HG4_W
7TL0_I	7XDL_O
7TL0_I	4L1H_A
7TL0_I	4N1E_B
7TL0_I	3J6U_L
7TL0_I	4K07_I
7TL0_I	4X4Z_B
7TL0_I	5FV1_M
7TL0_I	5U8Q_L
7TL0_I	7EH5_O
7TL0_I	7WRY_L
7TL0_I	8G9Y_L
7TL0_I	5W3O_E
7TL0_I	1F6L_L
7TL0_I	5XS7_L
7TL0_I	3J8V_L
7TL0_I	6KRZ_G
7TL0_I	6IW2_L
7TL0_I	6KZ0_F
7TL0_I	6P79_L
7TL0_I	6A78_M
7TL0_I	6PZZ_L
7TL0_I	6QD7_L
7TL0_I	4NYL_F
7TL0_I	7TJQ_L
7TL0_I	8BCZ_L
7TL0_I	6SXI_B
7TL0_I	1I3G_L
7TL0_I	4N1C_B
7TL0_I	7KI4_L
7TL0_I	6TYS_L
7TL0_I	6VN0_L
7TL0_I	6VO1_L
7TL0_I	6VUG_C
7TL0_I	6XSK_K
7TL0_I	1JHL_L
7TL0_I	6Z3Q_L
7TL0_I	1BVL_B
7TL0_I	7E3B_C
7TL0_I	7RW2_L
7TL0_I	8DJM_L
7TL0_I	7JLK_L
7TL0_I	7K8T_N
7TL0_I	7L3N_E
7TL0_I	7KBB_B
7TL0_I	7LG6_L
7TL0_I	2AEP_L
7TL0_I	5TQQ_L
7TL0_I	7EZV_L
7TL0_I	7LK4_G
7TL0_I	2AEQ_L
7TL0_I	8HIT_B
7TL0_I	7M3N_L
7TL0_I	7MEM_L
7TL0_I	7Q9K_E
7TL0_I	7RAI_N
7TL0_I	7RQ6_K
7TL0_I	3U7A_A
7TL0_I	8A1E_E
7TL0_I	7RU8_L
7TL0_I	6NC2_L
7TL0_I	7SO9_B
7TL0_I	7SOB_B
7TL0_I	7TB8_G
7TL0_I	7LKH_L
7TL0_I	7THT_b
7TL0_I	7K9K_L
7TL0_I	7UZ6_Q
7TL0_I	7WRV_V
7TL0_I	7UOV_L
7TL0_I	7WCU_B
7TL0_I	7WI0_E
7TL0_I	7WVM_D
7TL0_I	7XCP_L
7TL0_I	7XDK_O
7TL0_I	7LA4_L
7TL0_I	7XJ9_F
7TL0_I	1DVF_A
7TL0_I	6MLM_I
7TL0_I	7M8L_P
7TL0_I	7T01_L
7TL0_I	7X7V_D
7TL0_I	8DWX_Y
7TL0_I	8EJI_L
7TL0_I	8BCZ_D
7TL0_I	8DT3_L
7TL0_I	4X4X_B
7TL0_I	8EKA_D
7TL0_I	7MEP_L
7TL0_I	7WI0_D
7TL0_I	8GV7_D
7TL0_I	8HN6_D
7TL0_I	8HPJ_F
8C7H_K	8C7H_K
8C7H_K	1AHW_A
8C7H_K	1BOG_A
8C7H_K	1C12_A
8C7H_K	1D5B_L
8C7H_K	1D6V_L
8C7H_K	1FE8_N
8C7H_K	1FJ1_C
8C7H_K	1GHF_L
8C7H_K	1K6Q_L
8C7H_K	2R4R_L
8C7H_K	3G5Y_A
8C7H_K	3I75_A
8C7H_K	3U9P_M
8C7H_K	4HC1_N
8C7H_K	4K2U_L
8C7H_K	5L0Q_E
8C7H_K	5YWY_L
8C7H_K	6BIT_L
8C7H_K	6I1O_L
8C7H_K	6P4B_A
8C7H_K	6WQO_F
8C7H_K	7LDD_J
8C7H_K	8BE1_E
8C7H_K	7MDJ_B
8C7H_K	1HEZ_C
8C7H_K	2FGW_L
8C7H_K	3I9G_L
8C7H_K	3NZH_L
8C7H_K	3PGF_L
8C7H_K	4KY1_L
8C7H_K	4NZR_L
8C7H_K	5KVL_L
8C7H_K	7ND8_L
8C7H_K	7S0J_L
8C7H_K	7T99_L
8C7H_K	4HG4_Q
8C7H_K	6XSW_E
8C7H_K	7R6X_L
8C7H_K	4ZXB_D
8C7H_K	7TE1_L
8C7H_K	5U3K_B
8C7H_K	7U9P_L
8C7H_K	7X6L_K
8C7H_K	7X6L_K-checkpoint
8C7H_K	6P3R_D
8C7H_K	6U8K_L
8C7H_K	5O14_D
8C7H_K	3HI6_Y
8C7H_K	3IDY_C
8C7H_K	3QPX_L
8C7H_K	4R4B_L
8C7H_K	4XHJ_C
8C7H_K	4ZYK_L
8C7H_K	6ZTR_L
8C7H_K	7CJ2_L
8C7H_K	7K75_J
8C7H_K	7KMI_B
8C7H_K	7M1C_L
8C7H_K	8DF5_N
8C7H_K	7UVQ_E
8C7H_K	4KQ3_L
8C7H_K	4OQT_L
8C7H_K	5HBV_C
8C7H_K	6HKG_B
8DY0_A	8DY0_A
8DY0_A	1DZB_B
8DY0_A	7RK1_C
8DY0_A	2GHW_B
8DY0_A	2GHW_D
8DY0_A	7F15_B
8DY0_A	7UFW_I
8DY0_A	7W7Q_A
8DY0_A	4F9P_D
8DY0_A	5DFW_H
8DY0_A	5GRU_H
8DY0_A	5NPJ_A
8DY0_A	6E0P_M
8DY0_A	7JUM_I
8DY0_A	7U9W_H
8DY0_A	5NPJ_B
8DY0_A	5WN9_H
8DY0_A	5LXA_H
8DY0_A	5WYM_A
8DY0_A	7EQ3_A
8DY0_A	7K78_K
8DY0_A	6EHW_B
8DY0_A	5GS2_D
8DY0_A	6EHX_B
8DY0_A	6EHY_B
8DY0_A	6YXF_H
8DY0_A	7AQL_C
8DY0_A	7CU5_A
8DY0_A	7F0X_B
8DY0_A	7F12_B
8DY0_A	7UA8_I
8DY0_A	7UFW_H
8DY0_A	6EK2_H
8DY0_A	6FFJ_G
8DY0_A	6EK2_I
8DY0_A	6KR0_D
8DY0_A	6KR0_C
8DY0_A	7KBO_A
8DY0_A	7YUE_A
8DY0_A	6VRP_A
8DY0_A	5GS3_A
8DY0_A	5KOV_K
8DY0_A	6VUO_B
8DY0_A	6VRP_B
8DY0_A	6VUN_A
8DY0_A	7TZG_A
8DY0_A	6YXG_H
8DY0_A	7AQL_B
8DY0_A	7DEU_B
8DY0_A	5F72_T
8DY0_A	7TZH_C
8DY0_A	7KBP_C
8DY0_A	6DSI_A
8DY0_A	6VUO_A
8DY0_A	6VUP_A
8DY0_A	7KBP_D
8DY0_A	5GRU_L
8DY0_A	5WYM_C
8DY0_A	6KR0_B
8DY0_A	7RK2_D
8DY0_A	7U9E_B
8DY0_A	7UA8_H
8DY0_A	8DY0_B
8DY2_A	8DY2_A
8DY2_A	1H8S_A
8DY2_A	1H8N_A
8DY2_A	4F9L_C
8DY2_A	6EQC_D
8DY2_A	7K60_M
8DY2_A	3ESU_F
8DY2_A	3ET9_F
8DY2_A	2ZNW_B
8DY2_A	5N7W_B
8DY2_A	3SQO_L
8DY2_A	7ARN_L
8DY2_A	7KQH_L
8DY2_A	7XEI_F
8DY2_A	6CR1_L
8DY2_A	6WZT_D
8DY2_A	1AXS_A
8DY2_A	1C5C_L
8DY2_A	1FBI_P
8DY2_A	1UM4_L
8DY2_A	2WUB_Q
8DY2_A	3S37_L
8DY2_A	4HG4_U
8DY2_A	4KMT_L
8DY2_A	4MXW_L
8DY2_A	4NRZ_B
8DY2_A	5D1Z_E
8DY2_A	6BF7_D
8DY2_A	6GC2_L
8DY2_A	6S3D_F
8DY2_A	6UBI_E
8DY2_A	6UGT_L
8DY2_A	6UTE_J
8DY2_A	6WOZ_L
8DY2_A	6XQ2_E
8DY2_A	6XY2_L
8DY2_A	7FAE_d
8DY2_A	7LQ7_z
8DY2_A	7ORA_E
8DY2_A	7ORB_B
8DY2_A	7RKU_F
8DY2_A	7SK5_E
8DY2_A	7V61_M
8DY2_A	7VSW_E
8DY2_A	7XY8_M
8DY2_A	7ZMK_F
8DY2_A	8DP3_L
8DY2_A	8E7M_L
8DY2_A	8DY2_B
8DY2_A	8DY2_C
8DY2_A	8DY2_D
8DY2_A	7RD5_C
8DY2_A	7XSC_B-checkpoint
8DY2_A	1B4J_L
8DY2_A	1B6D_B
8DY2_A	1BBJ_A
8DY2_A	1CE1_L
8DY2_A	1CFS_A
8DY2_A	1CIC_C
8DY2_A	1CT8_C
8DY2_A	1CZ8_X
8DY2_A	1DEE_E
8DY2_A	1E4W_L
8DY2_A	1EMT_L
8DY2_A	1FAI_L
8DY2_A	1FDL_L
8DY2_A	1FH5_L
8DY2_A	1FSK_B
8DY2_A	1FVE_A
8DY2_A	1IAI_L
8DY2_A	1IGT_C
8DY2_A	1IGY_C
8DY2_A	1IKF_L
8DY2_A	1JHK_L
8DY2_A	1JNN_L
8DY2_A	1K4D_B
8DY2_A	1KB5_L
8DY2_A	1KCU_L
8DY2_A	1KCV_L
8DY2_A	1LK3_M
8DY2_A	1MAM_L
8DY2_A	1MEX_L
8DY2_A	1MLB_A
8DY2_A	1NDM_A
8DY2_A	1NGW_A
8DY2_A	1NGX_L
8DY2_A	1NGY_A
8DY2_A	1NGZ_A
8DY2_A	1OAK_L
8DY2_A	1OPG_L
8DY2_A	1P7K_L
8DY2_A	1PG7_M
8DY2_A	1QBL_L
8DY2_A	1RIH_L
8DY2_A	1RJL_A
8DY2_A	1RZG_B
8DY2_A	1S78_C
8DY2_A	1T3F_A
8DY2_A	1UWE_X
8DY2_A	1UWG_X
8DY2_A	1UWX_L
8DY2_A	1UYW_N
8DY2_A	1YJD_L
8DY2_A	1YY9_C
8DY2_A	1ZAN_L
8DY2_A	1ZTX_L
8DY2_A	2ADJ_A
8DY2_A	2ARJ_A
8DY2_A	2BDN_L
8DY2_A	2CMR_L
8DY2_A	2FJF_U
8DY2_A	2FJH_A
8DY2_A	2HFF_L
8DY2_A	2HFG_L
8DY2_A	2JIX_L
8DY2_A	2NR6_E
8DY2_A	2ORB_L
8DY2_A	2OZ4_L
8DY2_A	2Q76_A
8DY2_A	2Q8B_L
8DY2_A	2QQK_L
8DY2_A	2QQN_L
8DY2_A	2R56_M
8DY2_A	2R8S_L
8DY2_A	2V17_L
8DY2_A	2VXQ_L
8DY2_A	2VXU_L
8DY2_A	2XKN_C
8DY2_A	2YMX_L
8DY2_A	2YPV_L
8DY2_A	2ZJS_L
8DY2_A	3B2U_U
8DY2_A	3CFE_A
8DY2_A	3CLE_L
8DY2_A	3CVI_L
8DY2_A	3D85_A
8DY2_A	3DSF_L
8DY2_A	3EFD_L
8DY2_A	3EO9_L
8DY2_A	3FMG_L
8DY2_A	3FZU_D
8DY2_A	3G5V_A
8DY2_A	3G5Z_A
8DY2_A	3G6J_G
8DY2_A	3GIZ_L
8DY2_A	3GK8_L
8DY2_A	3HC0_L
8DY2_A	3HC4_L
8DY2_A	3HMX_L
8DY2_A	3HNS_L
8DY2_A	3IDI_A
8DY2_A	3IU4_L
8DY2_A	3J1S_L
8DY2_A	3J42_H
8DY2_A	3KYM_G
8DY2_A	3L7E_A
8DY2_A	3L7F_D
8DY2_A	3L95_L
8DY2_A	3LIZ_L
8DY2_A	3MOB_L
8DY2_A	3MXW_L
8DY2_A	3N85_L
8DY2_A	3NCJ_L
8DY2_A	3OJD_A
8DY2_A	3P11_L
8DY2_A	3Q1S_L
8DY2_A	3R1G_L
8DY2_A	3RA7_M
8DY2_A	3RKD_C
8DY2_A	3SKJ_M
8DY2_A	3U0W_L
8DY2_A	3U30_E
8DY2_A	3UBX_I
8DY2_A	3UC0_M
8DY2_A	3ULV_L
8DY2_A	3V0V_L
8DY2_A	3V6O_F
8DY2_A	3VG0_L
8DY2_A	3VGA_B
8DY2_A	3VRL_F
8DY2_A	3WFE_L
8DY2_A	3WII_M
8DY2_A	3X3G_L
8DY2_A	3ZE0_F
8DY2_A	4AEH_L
8DY2_A	4AM0_L
8DY2_A	4BH8_A
8DY2_A	4BZ2_L
8DY2_A	4CAD_G
8DY2_A	4CMH_C
8DY2_A	4CNI_L
8DY2_A	4D9R_D
8DY2_A	4DKE_M
8DY2_A	4DKF_L
8DY2_A	4DKF_M
8DY2_A	4EDX_L
8DY2_A	4F2M_D
8DY2_A	4G6J_L
8DY2_A	4G6K_L
8DY2_A	4G7Y_L
8DY2_A	4G80_D
8DY2_A	4GMT_L
8DY2_A	4H20_L
8DY2_A	4HLZ_H
8DY2_A	4I2X_C
8DY2_A	4IJ3_B
8DY2_A	4IOI_A
8DY2_A	4JFX_L
8DY2_A	4K2U_M
8DY2_A	4K7P_L
8DY2_A	4KQ4_L
8DY2_A	4L5F_L
8DY2_A	4LKC_A
8DY2_A	4LMQ_L
8DY2_A	4M43_L
8DY2_A	4M6O_L
8DY2_A	4N9G_N
8DY2_A	4NRX_L
8DY2_A	4NYL_D
8DY2_A	4NZU_L
8DY2_A	4OAW_C
8DY2_A	4OII_M
8DY2_A	4P59_L
8DY2_A	4PLJ_L
8DY2_A	4PLK_G
8DY2_A	4PLK_K
8DY2_A	4PY8_J
8DY2_A	4QTH_L
8DY2_A	4R7N_B
8DY2_A	4RAU_A
8DY2_A	4RDQ_H
8DY2_A	4RGN_C
8DY2_A	4S1D_D
8DY2_A	4UAO_B
8DY2_A	4UB0_L
8DY2_A	4UIN_L
8DY2_A	4WV1_D
8DY2_A	4X80_L
8DY2_A	4X8J_B
8DY2_A	4XAK_L
8DY2_A	4XI5_C
8DY2_A	4YDK_L
8DY2_A	4YK4_B
8DY2_A	4YR6_E
8DY2_A	4YUE_L
8DY2_A	4YXH_L
8DY2_A	4Z95_L
8DY2_A	4ZFO_B
8DY2_A	4ZPV_L
8DY2_A	5BO1_M
8DY2_A	5C0R_L
8DY2_A	5C8J_F
8DY2_A	5CMA_A
8DY2_A	5CZV_L
8DY2_A	5CZX_L
8DY2_A	5D1Q_A
8DY2_A	5D1Z_A
8DY2_A	5D96_B
8DY2_A	5DD0_L
8DY2_A	5DD3_L
8DY2_A	5DD5_L
8DY2_A	5DMI_L
8DY2_A	5DO2_D
8DY2_A	5DWU_L
8DY2_A	5E08_L
8DY2_A	5E94_C
8DY2_A	5EII_L
8DY2_A	5EN2_B
8DY2_A	5EU7_C
8DY2_A	5EZO_L
8DY2_A	5F3B_F
8DY2_A	5F3H_H
8DY2_A	5FHC_L
8DY2_A	5GGR_L
8DY2_A	5GGU_L
8DY2_A	5GIR_B
8DY2_A	5GJS_L
8DY2_A	5GJT_L
8DY2_A	5GZ0_C
8DY2_A	5GZO_D
8DY2_A	5H2B_B
8DY2_A	5I1A_A
8DY2_A	5I1E_L
8DY2_A	5I30_L
8DY2_A	5I66_B
8DY2_A	5I8E_D
8DY2_A	5IKC_A
8DY2_A	5IKC_L
8DY2_A	5JO4_D
8DY2_A	5K59_F
8DY2_A	5K9Q_K
8DY2_A	5KAN_I
8DY2_A	5KVG_L
8DY2_A	5LDN_L
8DY2_A	5LSP_T
8DY2_A	5MVZ_B
8DY2_A	5NBW_A
8DY2_A	5NPH_L
8DY2_A	5NST_C
8DY2_A	5O7P_A
8DY2_A	5OB5_L
8DY2_A	5OD8_B
8DY2_A	5OPY_L
8DY2_A	5SX4_L
8DY2_A	5T0Y_B
8DY2_A	5TDN_C
8DY2_A	5TDO_C
8DY2_A	5TDP_C
8DY2_A	5TH9_M
8DY2_A	5TIH_L
8DY2_A	5TKK_L
8DY2_A	5TPN_L
8DY2_A	5TR8_L
8DY2_A	5TZ2_L
8DY2_A	5TZU_L
8DY2_A	5U4R_B
8DY2_A	5UCB_L
8DY2_A	5UDD_S
8DY2_A	5UEK_L
8DY2_A	5UIX_L
8DY2_A	5VAG_B
8DY2_A	5VCO_C
8DY2_A	5VIC_L
8DY2_A	5VJQ_H
8DY2_A	5VPG_C
8DY2_A	5VQM_C
8DY2_A	5VSH_B
8DY2_A	5VVF_L
8DY2_A	5VYF_A
8DY2_A	5W0K_L
8DY2_A	5WUX_B
8DY2_A	5X4G_B
8DY2_A	5XAJ_L
8DY2_A	5XEZ_D
8DY2_A	5XHF_A
8DY2_A	5XHG_A
8DY2_A	5XKU_B
8DY2_A	5XQW_L
8DY2_A	5XXY_L
8DY2_A	5ZS0_A
8DY2_A	6A0X_F
8DY2_A	6A77_L
8DY2_A	6AMJ_L
8DY2_A	6AO0_L
8DY2_A	6APB_L
8DY2_A	6ARU_B
8DY2_A	6AVQ_L
8DY2_A	6AXL_B
8DY2_A	6B0H_C
8DY2_A	6B9Y_A
8DY2_A	6BFQ_D
8DY2_A	6BFS_L
8DY2_A	6BFT_L
8DY2_A	6BGT_A
8DY2_A	6BI0_L
8DY2_A	6BI2_M
8DY2_A	6BPA_F
8DY2_A	6BTJ_L
8DY2_A	6C6Y_L
8DY2_A	6CO3_L
8DY2_A	6CSE_L
8DY2_A	6CYF_L
8DY2_A	6D0U_F
8DY2_A	6DDR_A
8DY2_A	6DFJ_L
8DY2_A	6DKJ_B
8DY2_A	6DW2_A
8DY2_A	6DWI_O
8DY2_A	6ELL_L
8DY2_A	6FAB_L
8DY2_A	6FLC_A
8DY2_A	6FOE_L
8DY2_A	6GFF_K
8DY2_A	6HHC_L
8DY2_A	6I04_D
8DY2_A	6I8S_L
8DY2_A	6IAP_D
8DY2_A	6IAS_L
8DY2_A	6K0Y_B
8DY2_A	6L62_L
8DY2_A	6ME1_D
8DY2_A	6MEE_B
8DY2_A	6MFP_D
8DY2_A	6MQE_L
8DY2_A	6MQR_L
8DY2_A	6MTT_L
8DY2_A	6MVL_L
8DY2_A	6MWN_L
8DY2_A	6N6B_L
8DY2_A	6N81_L
8DY2_A	6NCP_D
8DY2_A	6NHA_L
8DY2_A	6NYQ_L
8DY2_A	6NZ7_I
8DY2_A	6O3B_E
8DY2_A	6OC3_D
8DY2_A	6OE5_L
8DY2_A	6OEL_L
8DY2_A	6OGX_L
8DY2_A	6OKN_D
8DY2_A	6OL5_B
8DY2_A	6OL6_B
8DY2_A	6P4B_L
8DY2_A	6P4C_L
8DY2_A	6P67_D
8DY2_A	6P9H_D
8DY2_A	6PDS_L
8DY2_A	6PI7_E
8DY2_A	6PLK_M
8DY2_A	6PYC_B
8DY2_A	6PZG_L
8DY2_A	6QCU_L
8DY2_A	6QIG_L
8DY2_A	6R0X_B
8DY2_A	6R2S_A
8DY2_A	6RCV_I
8DY2_A	6RPS_L
8DY2_A	6S3D_D
8DY2_A	6SNC_A
8DY2_A	6T3J_B
8DY2_A	6TKO_L
8DY2_A	6TYB_L
8DY2_A	6U1T_L
8DY2_A	6U3Z_D
8DY2_A	6U9U_L
8DY2_A	6UCE_L
8DY2_A	6UCF_L
8DY2_A	6UIG_C
8DY2_A	6URH_L
8DY2_A	6UTA_B
8DY2_A	6UUD_L
8DY2_A	6UYM_B
8DY2_A	6V4N_B
8DY2_A	6V4P_D
8DY2_A	6V4R_L
8DY2_A	6VEL_L
8DY2_A	6VI1_K
8DY2_A	6VMJ_I
8DY2_A	6VMK_R
8DY2_A	6VOS_L
8DY2_A	6VRQ_L
8DY2_A	6VRY_L
8DY2_A	6VSR_B
8DY2_A	6W16_L
8DY2_A	6W73_L
8DY2_A	6WJL_J
8DY2_A	6WK4_B
8DY2_A	6WKL_B
8DY2_A	6WO3_L
8DY2_A	6WO5_I
8DY2_A	6WQO_C
8DY2_A	6WVZ_L
8DY2_A	6WZJ_D
8DY2_A	6X4T_F
8DY2_A	6X5E_L
8DY2_A	6X7W_C
8DY2_A	6XC3_A
8DY2_A	6XC7_D
8DY2_A	6XDG_D
8DY2_A	6XLI_B
8DY2_A	6XLQ_C
8DY2_A	6XP6_I
8DY2_A	6XPR_F
8DY2_A	6XPY_C
8DY2_A	6XPZ_F
8DY2_A	6XSW_B
8DY2_A	6XSW_I
8DY2_A	6XUK_L
8DY2_A	6XXV_B
8DY2_A	6XXV_E
8DY2_A	6YIO_L
8DY2_A	6Z2L_B
8DY2_A	6Z3K_N
8DY2_A	6Z7W_C
8DY2_A	7AHV_B
8DY2_A	7BBJ_N
8DY2_A	7BEJ_L
8DY2_A	7BH8_F
8DY2_A	7BQ5_D
8DY2_A	7BXA_L
8DY2_A	7C4S_K
8DY2_A	7C6A_L
8DY2_A	7C88_B
8DY2_A	7CDJ_L
8DY2_A	7CH4_L
8DY2_A	7CHC_L
8DY2_A	7CHY_L
8DY2_A	7CJF_B
8DY2_A	7D5Z_K
8DY2_A	7DFP_B
8DY2_A	7DK2_H
8DY2_A	7DNH_L
8DY2_A	7DNK_L
8DY2_A	7DPM_K
8DY2_A	7DR4_L
8DY2_A	7DUN_L
8DY2_A	7DZX_L
8DY2_A	7DZY_L
8DY2_A	7E5O_L
8DY2_A	7E88_K
8DY2_A	7E9B_L
8DY2_A	7FCP_D
8DY2_A	7JR7_F
8DY2_A	7JTG_B
8DY2_A	7JZ4_D
8DY2_A	7K8R_L
8DY2_A	7K9Z_L
8DY2_A	7KBA_L
8DY2_A	7KEO_F
8DY2_A	7KFV_D
8DY2_A	7KFW_D
8DY2_A	7KFX_L
8DY2_A	7KFY_L
8DY2_A	7KGU_A
8DY2_A	7KLG_M
8DY2_A	7KMG_E
8DY2_A	7KMH_B
8DY2_A	7KPB_L
8DY2_A	7KPJ_B
8DY2_A	7KQB_J
8DY2_A	7KQG_C
8DY2_A	7KQH_D
8DY2_A	7KQI_C
8DY2_A	7KX4_C
8DY2_A	7KZA_L
8DY2_A	7KZB_L
8DY2_A	7LF8_L
8DY2_A	7LFD_L
8DY2_A	7LL1_K
8DY2_A	7LR4_B
8DY2_A	7LSG_L
8DY2_A	7MJJ_E
8DY2_A	7MLX_L
8DY2_A	7MSQ_E
8DY2_A	7MZF_L
8DY2_A	7MZN_L
8DY2_A	7N0U_L
8DY2_A	7N3C_L
8DY2_A	7N3D_L
8DY2_A	7N4I_L
8DY2_A	7N4L_L
8DY2_A	7N8Q_D
8DY2_A	7NFA_B
8DY2_A	7NTC_L
8DY2_A	7O4Y_L
8DY2_A	7OO2_D
8DY2_A	7PQY_C
8DY2_A	7PS3_L
8DY2_A	7QF1_D
8DY2_A	7QT0_F
8DY2_A	7QT2_B
8DY2_A	7QT3_D
8DY2_A	7QT4_B
8DY2_A	7QTK_C
8DY2_A	7QU1_B
8DY2_A	7QU2_B
8DY2_A	7RAQ_L
8DY2_A	7RQP_B
8DY2_A	7RQR_L
8DY2_A	7RTA_L
8DY2_A	7S0B_D
8DY2_A	7S0E_L
8DY2_A	7SBG_L
8DY2_A	7SK7_C
8DY2_A	7ST5_l
8DY2_A	7SZU_L
8DY2_A	7T72_L
8DY2_A	7T86_E
8DY2_A	7T97_D
8DY2_A	7T98_L
8DY2_A	7TE1_F
8DY2_A	7TP3_L
8DY2_A	7U0A_L
8DY2_A	7UIJ_B
8DY2_A	7UM3_L
8DY2_A	7UNB_E
8DY2_A	7UVF_L
8DY2_A	7UXL_E
8DY2_A	7UZD_L
8DY2_A	7V5N_E
8DY2_A	7VMZ_L
8DY2_A	7VSU_A
8DY2_A	7VUX_L
8DY2_A	7WN2_C
8DY2_A	7WSL_L
8DY2_A	7X2H_B
8DY2_A	7XCZ_E
8DY2_A	7XDA_E
8DY2_A	7XJF_B
8DY2_A	7XSC_B
8DY2_A	7Y0G_D
8DY2_A	7Y1B_L
8DY2_A	7YCL_B
8DY2_A	7YRF_E
8DY2_A	7YXU_L
8DY2_A	7Z2M_L
8DY2_A	7Z4T_L
8DY2_A	7ZFD_B
8DY2_A	7ZLI_L
8DY2_A	7ZQT_H
8DY2_A	7ZYI_L
8DY2_A	8AS0_S
8DY2_A	8BBN_L
8DY2_A	8BSE_L
8DY2_A	8C7J_B
8DY2_A	8CWJ_V
8DY2_A	8CWK_B
8DY2_A	8CYH_L
8DY2_A	8CZ5_L
8DY2_A	8D9Y_A
8DY2_A	8DB4_D
8DY2_A	8DFG_M
8DY2_A	8DK7_A
8DY2_A	8DK7_E
8DY2_A	8DXU_L
8DY2_A	8FFE_L
8DY2_A	8GB6_L
8DY2_A	8GB8_L
8DY2_A	8GV4_B
8DY2_A	8HN7_C
8DY2_A	8SLB_L
8DY2_A	1BFO_G
8DY2_A	1IGC_L
8DY2_A	2GFB_M
8DY2_A	3BN9_C
8DY2_A	4EDW_L
8DY2_A	4NRX_E
8DY2_A	5C8J_D
8DY2_A	6DB9_L
8DY2_A	6S3D_B
8DY2_A	6UTE_H
8DY2_A	7DFA_L
8DY2_A	7JMX_L
8DY2_A	7MXD_Y
8DY2_A	3K2U_L
8DY2_A	3KYM_K
8DY2_A	4LLW_D
8DY2_A	4LLU_B
8DY2_A	4LLY_D
8DY2_A	4PLJ_C
8DY2_A	4NRX_B
8DY2_A	6I3Z_L
8DY2_A	4XAK_E
8DY2_A	5XHV_Q
8DY2_A	6OUS_N
8DY2_A	6XUD_L
8DY2_A	4XHJ_G
8DY2_A	5UDD_U
8DY2_A	4LLW_B
8DY2_A	5D1Z_C
8DY2_A	5WUX_D
8DY2_A	6CW2_B
8DY2_A	5I8E_B
8DY2_A	7L7R_C
8DY2_A	6DC9_M
8DY2_A	3ULU_E
8DY2_A	5KAQ_L
8DY2_A	6U38_L
8DY2_A	7KGU_E
8DY2_A	7RAH_A
8DY2_A	7ZF5_C
8DY2_A	6DEZ_A
8DY2_A	6DEZ_L
8DY2_A	6DWI_C
8DY2_A	6DWI_M
8DY2_A	6MH2_C
8DY2_A	7DR4_B
8DY2_A	7KPJ_D
8DY2_A	5X8L_L
8DY2_A	7MXL_B
8DY2_A	7S07_L
8DY2_A	4HLZ_L
8DY2_A	4NRY_B
8DY2_A	7ZFA_F
8DY2_A	7U8J_L
8DY2_A	7ZFA_K
8DY2_A	4LLU_D
8DY2_A	7ZFA_L
8DY2_A	7ZFA_N
8DY2_A	8D0A_L
8DY2_A	8D1T_L
8DY2_A	8GOC_E
4HJJ_L	4HJJ_L
4HJJ_L	5FHX_L
4HJJ_L	5HCG_L
4HJJ_L	7PKL_L
3J8D_A	3J8D_A
